step,vehicleId,edgeId,speed
0,bus_east.0,BIL1,0.0
0,bus_west.0,BIR1,0.0
0,car_east.0,CIL1,0.0
0,car_west.0,CIR1,0.0
0,f_0.0,top1,0.0
1,bus_east.0,BIL1,1.1983182372059673
1,bus_west.0,BIR1,1.0800162616185844
1,car_east.0,CIL1,2.507441041059792
1,car_west.0,CIR1,1.399670058488846
1,f_0.0,top1,1.5426099300617353
2,bus_east.0,BIL1,2.2114865431096407
2,bus_west.0,BIR1,1.7453184674028308
2,car_east.0,CIL1,4.65900747932028
2,car_west.0,CIR1,3.444353227247484
2,f_0.0,top1,2.9450629329076037
3,bus_east.0,BIL1,2.988061925489456
3,bus_west.0,BIR1,2.876828015875071
3,car_east.0,CIL1,6.035820490145124
3,car_west.0,CIR1,5.085735168354586
3,f_0.0,top1,4.987208833452314
4,bus_east.0,BIL1,3.793661750480533
4,bus_west.0,BIR1,3.7356915650423614
4,car_east.0,CIL1,8.419235067791304
4,car_west.0,CIR1,7.233689113380388
4,f_0.0,top1,6.552008579205721
5,bus_east.0,BIL1,4.58402372924611
5,bus_west.0,BIR1,4.798166167689487
5,car_east.0,CIL1,9.964539162279104
5,car_west.0,CIR1,9.614920642063954
5,f_0.0,top1,8.276916205347517
6,bus_east.0,BIL1,5.215804942930117
6,bus_west.0,BIR1,5.766648657526821
6,car_east.0,CIL1,11.76132249846123
6,car_west.0,CIR1,11.326079023606145
6,f_0.0,top1,10.01756511379499
7,bus_east.0,BIL1,6.2360227307304745
7,bus_west.0,BIR1,6.4295734972693035
7,car_east.0,CIL1,13.759625298506577
7,car_east.1,CIL1,0.0
7,car_west.0,CIR1,11.8377695318994
7,f_0.0,top1,12.318197286385113
8,bus_east.0,BIL1,6.969341683667154
8,bus_west.0,BIR1,7.243889786023647
8,car_east.0,:J0_2,14.007815905340577
8,car_east.1,CIL1,2.2343616705853493
8,car_west.0,CIR1,12.942284046880237
8,f_0.0,top1,13.688524706789986
9,bus_east.0,BIL1,8.123303435789422
9,bus_west.0,BIR1,7.924681832129136
9,car_east.0,CIL2,14.050203688495422
9,car_east.1,CIL1,4.761486970889382
9,car_west.0,CIR2,12.965635750278167
9,f_0.0,:J7_0,13.568340598640726
10,bus_east.0,BIL1,8.917567500052973
10,bus_west.0,BIR1,8.610451341653244
10,car_east.0,CIL2,14.110655707895384
10,car_east.1,CIL1,7.273892176174559
10,car_west.0,CIR2,11.774334813070752
10,f_0.0,top2,13.53198533268901
11,bus_east.0,BIL1,9.847228200919925
11,bus_west.0,BIR2,9.328042408777401
11,car_east.0,CIL2,13.616863909695859
11,car_east.1,CIL1,8.950781658128836
11,car_west.0,CIR2,12.49197154557173
11,f_0.0,top2,13.68219773658807
12,bus_east.0,BIL2,8.615222189640626
12,bus_west.0,BIR2,10.264792124228551
12,car_east.0,:J1_5,14.133013920724952
12,car_east.1,CIL1,10.953116782568395
12,car_west.0,CIR2,11.213522473277077
12,f_0.0,top2,13.297085392673262
13,bus_east.0,BIL2,9.423215803895145
13,bus_west.0,BIR2,11.166834779921917
13,car_east.0,:J1_5,13.44086925939806
13,car_east.1,CIL1,12.28273343979381
13,car_west.0,CIR2,7.479896416616646
13,f_0.0,top2,13.385316630464741
14,bus_east.0,BIL2,10.302994888434185
14,bus_west.0,BIR2,12.34786664228886
14,car_east.0,WI1,14.004934917536193
14,car_east.1,CIL1,14.232483094511554
14,car_east.2,CIL1,0.0
14,car_west.0,CIR2,4.390994401447494
14,f_0.0,top2,14.02403304063505
15,bus_east.0,BIL2,11.267480988120658
15,bus_west.0,BIR2,13.14507733737118
15,car_east.0,WI1,14.204948582506368
15,car_east.1,:J0_2,14.443783554960296
15,car_east.2,CIL1,1.6212258693762123
15,car_west.0,CIR2,0.04608800033891472
15,f_0.0,top2,9.572998224017931
16,bus_east.0,BIL2,9.975795820857085
16,bus_west.0,BIR2,13.346741590518505
16,car_east.0,WI1,14.701633364922927
16,car_east.1,CIL2,14.747599552841178
16,car_east.2,CIL1,3.9569984012981876
16,car_west.0,CIR2,0.015031186929147159
16,f_0.0,top2,5.072998224017931
17,bus_east.0,BIL2,6.214855343465382
17,bus_west.0,:J8_3,11.735416793255135
17,car_east.0,WI1,13.48634221968856
17,car_east.1,CIL2,13.921486052581363
17,car_east.2,CIL1,5.91799479033798
17,car_west.0,CIR2,0.00506113911457565
17,f_0.0,:J5_0,4.925192745920061
18,bus_east.0,BIL2,2.908150793554882
18,bus_west.0,:J8_3,11.675232302481309
18,car_east.0,WI1,14.320871289685929
18,car_east.1,CIL2,13.839247205424376
18,car_east.2,CIL1,7.292697216174565
18,car_west.0,CIR2,0.0018522271330436713
18,f_0.0,NI1,6.104475199366711
19,bus_east.0,BIL2,0.15830353664569996
19,bus_west.0,SI2,11.71883842506446
19,car_east.0,WI1,14.39271342284661
19,car_east.1,:J1_5,14.295044582885943
19,car_east.2,CIL1,8.833062580320984
19,car_west.0,:J8_0,1.958501260183097
19,f_0.0,NI1,8.611360835638619
20,bus_east.0,BIL2,0.06271388676466728
20,bus_west.0,SI2,12.532766244178637
20,car_east.0,:CR1_7,13.769179878227042
20,car_east.1,WI1,14.46237522988978
20,car_east.2,CIL1,10.69304408770986
20,car_east.3,CIL1,0.0
20,car_west.0,:J8_0,4.333859176156388
20,f_0.0,NI1,10.729035594808659
21,bus_east.0,BIL2,0.01285485469448365
21,bus_west.0,SI2,13.675940735163165
21,car_east.0,ONETOTWO,14.501784914412164
21,car_east.1,WI1,14.472645769072018
21,car_east.2,CIL1,12.695816815760917
21,car_east.3,CIL1,1.3479614577023313
21,car_west.0,:J8_0,6.224052569447362
21,f_0.0,NI1,12.06759200422631
22,bus_east.0,BIL2,0.0019605548803455744
22,bus_west.0,SI2,9.675940735163165
22,car_east.0,ONETOTWO,13.912751340313443
22,car_east.1,WI1,13.948435795646414
22,car_east.2,:J0_2,13.36110112378505
22,car_east.3,CIL1,3.7824578981846573
22,car_west.0,SI2,8.296372009385655
22,f_0.0,NI1,13.061580010957778
23,bus_east.0,BIL2,4.666426359493756E-4
23,bus_west.0,SI2,5.784917013196277
23,car_east.0,ONETOTWO,14.095284620585481
23,car_east.1,WI1,13.995084229730322
23,car_east.2,CIL2,14.157155911090232
23,car_east.3,CIL1,5.639360532956198
23,car_west.0,SI2,9.716181111745813
23,f_0.0,NI1,9.333133403079458
24,bus_east.0,BIL2,1.2504174124032083E-4
24,bus_west.0,SI2,1.784917013196277
24,car_east.0,ONETOTWO,13.847910261393153
24,car_east.1,WI1,14.691952528934248
24,car_east.2,CIL2,13.968619043451183
24,car_east.3,CIL1,7.082527225231752
24,car_west.0,SI2,11.215195025820561
24,f_0.0,NI1,6.187257925614589
25,bus_east.0,BIL2,0.0
25,bus_west.0,SI2,0.14655598754797786
25,car_east.0,ONETOTWO,14.016277380712891
25,car_east.1,WI1,13.935432267598129
25,car_east.2,CIL2,13.988523394825316
25,car_east.3,CIL1,8.679878200031817
25,car_west.0,SI2,8.816084905222032
25,f_0.0,NI1,2.2067986596914615
26,bus_east.0,BIL2,0.0
26,bus_west.0,SI2,0.007844293672136345
26,car_east.0,ONETOTWO,11.172168274585717
26,car_east.1,WI1,14.488214830182747
26,car_east.2,:J1_5,13.88844100770206
26,car_east.3,CIL1,10.16504863013979
26,car_west.0,SI2,5.1269987295297135
26,f_0.0,NI1,0.24190741338441743
27,bus_east.0,BIL2,0.0
27,bus_west.0,SI2,0.0
27,car_east.0,:CR2_6,6.937784879061954
27,car_east.1,:CR1_7,14.27784597465235
27,car_east.2,:J1_5,13.389570023609705
27,car_east.3,CIL1,11.373320818491429
27,car_east.4,CIL1,0.0
27,car_west.0,SI2,0.9039850123611908
27,f_0.0,NI1,0.153588272252757
28,bus_east.0,BIL2,0.0
28,bus_west.0,SI2,0.0
28,car_east.0,SO2,6.706980755379052
28,car_east.1,ONETOTWO,14.733088920441709
28,car_east.2,WI1,14.000443235227287
28,car_east.3,CIL1,11.051038252035305
28,car_east.4,CIL1,1.7019706156104804
28,car_west.0,SI2,0.4751681119739909
28,f_0.0,NI1,0.06061545704266443
29,bus_east.0,BIL2,0.0
29,bus_west.0,SI2,0.0
29,car_east.0,SO2,8.011611666985416
29,car_east.1,ONETOTWO,14.02075336043655
29,car_east.2,WI1,13.499845170580231
29,car_east.3,:J0_2,10.541126702175625
29,car_east.4,CIL1,4.063515616161749
29,car_west.0,SI2,0.05277067110875151
29,f_0.0,NI1,0.006805932762932371
30,bus_east.0,BIL2,0.0
30,bus_west.0,SI2,0.0
30,car_east.0,SO2,9.669363264635765
30,car_east.1,ONETOTWO,15.020717720817096
30,car_east.2,WI1,13.929931654782415
30,car_east.3,CIL2,11.40902068997655
30,car_east.4,CIL1,5.606248905509711
30,car_west.0,SI2,0.01819505096163003
30,f_0.0,NI1,0.003931751763573049
30,f_0.1,top1,0.0
31,bus_east.0,BIL2,0.0
31,bus_west.0,SI2,0.0
31,car_east.0,SO2,11.637790651608817
31,car_east.1,ONETOTWO,14.644965514460832
31,car_east.2,WI1,13.496376072220885
31,car_east.3,CIL2,11.374922170684822
31,car_east.4,CIL1,6.942453909688629
31,car_west.0,SI2,0.0016272071443286069
31,f_0.0,NI1,0.0014932726825264112
31,f_0.1,top1,2.2420944245764987
32,bus_east.0,BIL2,0.0
32,bus_west.0,SI2,0.0
32,car_east.0,SO2,12.233892550035554
32,car_east.1,ONETOTWO,10.495687166491257
32,car_east.2,WI1,13.161551309005738
32,car_east.3,CIL2,10.600205366601386
32,car_east.4,CIL1,8.56485443653073
32,car_west.0,SI2,0.0
32,f_0.0,NI1,7.997985028406538E-4
32,f_0.1,top1,4.037220282945782
33,bus_east.0,BIL2,0.0
33,bus_west.0,SI2,0.0
33,car_east.0,:J8_5,8.642292661389975
33,car_east.1,ONETOTWO,6.989009699426288
33,car_east.2,WI1,13.955220764294646
33,car_east.3,CIL2,11.311144093665444
33,car_east.4,CIL1,9.919717984879387
33,car_east.5,CIL1,0.0
33,car_west.0,SI2,0.0
33,f_0.0,NI1,2.9193947814112447E-4
33,f_0.1,top1,6.247167407139204
34,bus_east.0,BIL2,0.0
34,bus_west.0,SI2,0.0
34,car_east.0,:J8_5,4.142292661389975
34,car_east.1,:CR2_6,6.917575610155904
34,car_east.2,WI1,13.97119569273331
34,car_east.3,:J1_5,10.320985689488388
34,car_east.4,CIL1,11.857509647915137
34,car_east.5,CIL1,2.5516357962042093
34,car_west.0,SI2,0.0
34,f_0.0,NI1,0.0
34,f_0.1,top1,7.765524766896852
35,bus_east.0,BIL2,0.0
35,bus_west.0,SI2,0.0
35,car_east.0,:J8_6,6.618124053471429
35,car_east.1,SO2,7.157687743573182
35,car_east.2,:CR1_7,13.892788215984039
35,car_east.3,:J1_5,11.112984290331752
35,car_east.4,:J0_2,13.881944160023702
35,car_east.5,CIL1,4.446524415421299
35,car_west.0,SI2,0.0
35,f_0.0,NI1,0.0
35,f_0.1,top1,9.278443929483183
36,bus_east.0,BIL2,0.0
36,bus_west.0,SI2,0.0
36,car_east.0,:J8_6,8.059812723177194
36,car_east.1,SO2,8.701314377628
36,car_east.2,ONETOTWO,13.245884285961658
36,car_east.3,WI1,11.425803473623619
36,car_east.4,:J0_2,13.248205495113032
36,car_east.5,CIL1,6.9749814428389065
36,car_west.0,SI2,0.0
36,car_west.1,CIR1,0.0
36,f_0.0,NI1,0.0
36,f_0.1,top1,11.233830480696634
37,bus_east.0,BIL2,0.0
37,bus_west.0,SI2,0.0
37,car_east.0,COR2,9.733571349976293
37,car_east.1,SO2,10.926083052700118
37,car_east.2,ONETOTWO,14.196614033706867
37,car_east.3,WI1,11.136764973689951
37,car_east.4,CIL2,14.516360472002523
37,car_east.5,CIL1,8.980576022015883
37,car_west.0,SI2,0.0
37,car_west.1,CIR1,2.2618323541013523
37,f_0.0,NI1,0.0
37,f_0.1,top1,11.413188946553468
38,bus_east.0,BIL2,0.0
38,bus_west.0,SI2,0.0
38,car_east.0,COR2,11.935263833853124
38,car_east.1,SO2,12.546262971038663
38,car_east.2,ONETOTWO,13.894498900674664
38,car_east.3,WI1,11.32564651829578
38,car_east.4,CIL2,13.969210171582633
38,car_east.5,CIL1,11.25122043979354
38,car_west.0,SI2,0.0
38,car_west.1,CIR1,4.520456833438947
38,f_0.0,NI1,0.0
38,f_0.1,top1,11.429903448656164
39,bus_east.0,BIL2,0.0
39,bus_west.0,SI2,0.0
39,car_east.0,COR2,13.948898172455548
39,car_east.1,SO2,11.113095000902321
39,car_east.2,ONETOTWO,13.951284856746353
39,car_east.3,WI1,10.4332073202442
39,car_east.4,CIL2,14.375346146639892
39,car_east.5,CIL1,12.902182216731966
39,car_west.0,SI2,0.0
39,car_west.1,CIR1,6.51000729035586
39,f_0.0,NI1,0.0
39,f_0.1,:J7_0,12.243943099564836
40,bus_east.0,BIL2,0.0
40,bus_west.0,SI2,0.0
40,car_east.0,COR2,14.71254880375378
40,car_east.1,:J8_5,6.897254208793532
40,car_east.2,ONETOTWO,13.569216354687066
40,car_east.3,WI1,10.482772223473676
40,car_east.4,:J1_5,13.248443015850604
40,car_east.5,CIL1,12.073181474696979
40,car_east.6,CIL1,0.0
40,car_west.0,SI2,0.0
40,car_west.1,CIR1,8.21921317114029
40,f_0.0,NI1,0.0
40,f_0.1,top2,11.320688421469145
41,bus_east.0,BIL2,0.0
41,bus_west.0,SI2,0.0
41,car_east.0,COR1,14.29964561158009
41,car_east.1,:J8_6,8.232800512334
41,car_east.2,ONETOTWO,9.617694680748809
41,car_east.3,WI1,10.28292437226899
41,car_east.4,WI1,13.651364104263008
41,car_east.5,:J0_2,12.304536590701103
41,car_east.6,CIL1,1.3415252064587548
41,car_west.0,SI2,0.0
41,car_west.1,CIR1,10.358514268137514
41,f_0.0,NI1,0.0
41,f_0.1,top2,11.830472374524884
42,bus_east.0,BIL2,0.0
42,bus_west.0,SI2,0.0
42,car_east.0,COR1,14.082610699377582
42,car_east.1,:J8_6,10.773677264681686
42,car_east.2,:CR2_6,5.635435285863996
42,car_east.3,WI1,10.757454436839708
42,car_east.4,WI1,13.947935435128853
42,car_east.5,CIL2,12.424690285883047
42,car_east.6,CIL1,3.058398245065473
42,car_west.0,SI2,0.0
42,car_west.1,CIR1,10.96713661154265
42,f_0.0,NI1,0.0
42,f_0.1,top2,11.862488681430891
43,bus_east.0,BIL2,0.0
43,bus_west.0,SI2,0.0
43,car_east.0,COR1,14.607682959834674
43,car_east.1,COR2,10.826914238418855
43,car_east.2,SO2,6.632283356951148
43,car_east.3,WI1,11.085955962500684
43,car_east.4,WI1,14.322554191457563
43,car_east.5,CIL2,11.91499771550218
43,car_east.6,CIL1,4.646297236229294
43,car_west.0,SI2,1.065526148503167E-4
43,car_west.1,CIR1,10.759900622474946
43,f_0.0,NI1,0.0
43,f_0.1,top2,11.342296672057323
44,bus_east.0,BIL2,0.0
44,bus_west.0,SI2,0.0
44,car_east.0,COR1,13.505255293386618
44,car_east.1,COR2,12.764063882107317
44,car_east.2,SO2,9.214667101695733
44,car_east.3,WI1,8.071414856054025
44,car_east.4,WI1,14.007048848107912
44,car_east.5,CIL2,13.004954510786705
44,car_east.6,CIL1,6.895553484349513
44,car_west.0,SI2,0.0
44,car_west.1,:J10_0,11.23922130554913
44,f_0.0,NI1,0.0
44,f_0.1,top2,11.019041583481208
45,bus_east.0,BIL2,0.0
45,bus_west.0,SI2,0.7533992070704698
45,car_east.0,COR1,14.507542452129165
45,car_east.1,COR2,14.739473881073549
45,car_east.2,SO2,11.304804491230817
45,car_east.3,WI1,3.740066663012978
45,car_east.4,WI1,13.340725422882931
45,car_east.5,:J1_5,12.250632161506585
45,car_east.6,CIL1,9.42706167465076
45,car_west.0,SI2,0.0
45,car_west.1,CIR2,11.016467090751961
45,f_0.0,:CR1_10,1.39525574487634
45,f_0.1,top2,12.077479321862533
